PK;NOMBRE;DESCRIPCION-ENTIDAD;HORARIO;EQUIPAMIENTO;TRANSPORTE;DESCRIPCION;ACCESIBILIDAD;CONTENT-URL;NOMBRE-VIA;CLASE-VIAL;TIPO-NUM;NUM;PLANTA;PUERTA;ESCALERAS;ORIENTACION;LOCALIDAD;PROVINCIA;CODIGO-POSTAL;COD-BARRIO;BARRIO;COD-DISTRITO;DISTRITO;COORDENADA-X;COORDENADA-Y;LATITUD;LONGITUD;TELEFONO;FAX;EMAIL;TIPO
6408;"Centro de Enseñanza Superior Cardenal Cisneros";"";"";"";"Metro: Lista (línea 4), Núñez de Balboa (líneas 5 y 9), Diego de León (líneas 4, 5 y 6).";"";"3";"http://www.madrid.es/sites/v/index.jsp?vgnextchannel=bfa48ab43d6bb410VgnVCM100000171f5a0aRCRD&vgnextoid=ea1cf3216571c010VgnVCM1000000b205a0aRCRD";"GENERAL DIAZ PORLIER";"CALLE";"V";"58";"";"";"";"";"MADRID";"MADRID";"28006";"5";"LISTA";"4";"SALAMANCA";"442606";"4475777";"40.430655746270524";"-3.676645132506573";"913 096 120  / 914 028 981";"";"secretaria@cescisneros.es";"/contenido/entidadesYorganismos/Universidades/OtrosCentrosUniversitarios"
6368;"Centro de Enseñanza Superior en Humanidades y Ciencias de la Educación Don Bosco";"";"";"";"Metro: Francos Rodríguez (línea 7).";"";"3";"http://www.madrid.es/sites/v/index.jsp?vgnextchannel=bfa48ab43d6bb410VgnVCM100000171f5a0aRCRD&vgnextoid=cff8ae10c471c010VgnVCM1000000b205a0aRCRD";"MARIA AUXILIADORA";"CALLE";"V";"9";"";"";"";"";"MADRID";"MADRID";"28040";"3";"CIUDAD UNIVERSITARIA";"9";"MONCLOA-ARAVACA";"439343";"4478823";"40.4578663330372";"-3.7154022232737973";"914 500 472";"";"comunicacion@cesdonbosco.com";"/contenido/entidadesYorganismos/Universidades/OtrosCentrosUniversitarios"
7029862;"Centro de Enseñanza Superior Villanueva";"";"";"";"Metro: Paco de Lucía (línea 9).  Cercanías Renfe: Mirasierra-Paco de Lucía (líneas C7, C8, C8a, C8b).";"";"3";"http://www.madrid.es/sites/v/index.jsp?vgnextchannel=bfa48ab43d6bb410VgnVCM100000171f5a0aRCRD&vgnextoid=d4d1e0ecb9eaf310VgnVCM1000000b205a0aRCRD";"COSTA BRAVA";"CALLE";"V";"2";"";"";"";"";"MADRID";"MADRID";"28034";"7";"MIRASIERRA";"8";"FUENCARRAL-EL PARDO";"440508";"4483040";"40.49594165711777";"-3.702048289834191";"917 340 413";"";"";"/contenido/entidadesYorganismos/Universidades/OtrosCentrosUniversitarios"
6696;"Centro Superior de Diseño de Moda de Madrid (Centro adscrito a la UPM)";"Centro adscrito a la Universidad Politécnica de Madrid.";"";"";"Metro: Sierra de Guadalupe (línea 1).  Cercanías Renfe: Vallecas (líneas C2,C7).";"";"3";"http://www.madrid.es/sites/v/index.jsp?vgnextchannel=bfa48ab43d6bb410VgnVCM100000171f5a0aRCRD&vgnextoid=16c17b503a71c010VgnVCM1000000b205a0aRCRD";"VALENCIA";"CARRETERA";"T";"7";"";"";"";"Bloque I";"MADRID";"MADRID";"28030";"5";"FONTARRON";"14";"MORATALAZ";"444288";"4473008";"40.388857066045915";"-3.6286523028588005";"913 310 126";"";"informacion.csdmm@upm.es";"/contenido/entidadesYorganismos/Universidades/OtrosCentrosUniversitarios"
6383;"Centro Universitario La Salle";"";"";"";"Consulta los siguientes enlaces.";"";"3";"http://www.madrid.es/sites/v/index.jsp?vgnextchannel=bfa48ab43d6bb410VgnVCM100000171f5a0aRCRD&vgnextoid=5289ae10c471c010VgnVCM1000000b205a0aRCRD";"LA SALLE";"CALLE";"V";"10";"";"";"";"";"MADRID";"MADRID";"28023";"5";"VALDEMARIN";"9";"MONCLOA-ARAVACA";"433703";"4479802";"40.466248901592856";"-3.7820082470461647";"917 401 980";"913 571 730";"sia@lasallecampus.es";"/contenido/entidadesYorganismos/Universidades/EscuelasUniversitarias"
10297377;"Colegio Mayor Alcalá";"";"";"Tipo masculina.";"Metro: Metropolitano (línea 6).";"";"0";"http://www.madrid.es/sites/v/index.jsp?vgnextchannel=bfa48ab43d6bb410VgnVCM100000171f5a0aRCRD&vgnextoid=93179fc26c5fa510VgnVCM2000001f4a900aRCRD";"DON RAMON MENENDEZ PIDAL";"CALLE";"V";"2";"";"";"";"";"MADRID";"MADRID";"28040";"3";"CIUDAD UNIVERSITARIA";"9";"MONCLOA-ARAVACA";"438986";"4477692";"40.44764820463789";"-3.719503495059197";"915 533 004";"915 549 548";"admisiones@cmalcala.es";"/contenido/entidadesYorganismos/Universidades/ColegiosMayores"
10297407;"Colegio Mayor Alcor";"";"";"Tipo femenina.";"Metro: Metropolitano (línea 6), Guzmán el Bueno (línea 6 y 7).";"";"1";"http://www.madrid.es/sites/v/index.jsp?vgnextchannel=bfa48ab43d6bb410VgnVCM100000171f5a0aRCRD&vgnextoid=0b19849d706fa510VgnVCM2000001f4a900aRCRD";"GENERAL AMPUDIA";"CALLE";"V";"7";"";"";"";"";"MADRID";"MADRID";"28003";"6";"VALLEHERMOSO";"7";"CHAMBERI";"439342";"4477200";"40.443245742864015";"-3.715255918766616";"915 339 208";"";"info@cmalcor.com";"/contenido/entidadesYorganismos/Universidades/ColegiosMayores"
6507;"Colegio Mayor Antonio de Nebrija";"";"";"Tipo mixta.";"Metro: Ciudad Universitaria (línea 6)";"";"0";"http://www.madrid.es/sites/v/index.jsp?vgnextchannel=bfa48ab43d6bb410VgnVCM100000171f5a0aRCRD&vgnextoid=77453b54d771c010VgnVCM1000000b205a0aRCRD";"SENECA";"AVENIDA";"V";"8";"";"";"";"";"MADRID";"MADRID";"28040";"3";"CIUDAD UNIVERSITARIA";"9";"MONCLOA-ARAVACA";"438214";"4476373";"40.43571333918665";"-3.7284677239467596";"913 941 005";"";"cmuantoniodenebrija@ucm.es";"/contenido/entidadesYorganismos/Universidades/ColegiosMayores"
6548;"Colegio Mayor Aquinas (Santo Tomás de Aquino)";"";"";"Tipo mixto.";"Metro: Estación Vicente Aleixandre (línea 6), Ciudad Universitaria (línea 6) y Francos Rodríguez (línea 7)";"";"1";"http://www.madrid.es/sites/v/index.jsp?vgnextchannel=bfa48ab43d6bb410VgnVCM100000171f5a0aRCRD&vgnextoid=b3e73b54d771c010VgnVCM1000000b205a0aRCRD";"LEONARDO PRIETO CASTRO";"CALLE";"V";"6";"";"";"";"";"MADRID";"MADRID";"28040";"3";"CIUDAD UNIVERSITARIA";"9";"MONCLOA-ARAVACA";"438791";"4478182";"40.45204759324346";"-3.7218395787782304";"915 438 800";"";"aquinas@aquinas.es";"/contenido/entidadesYorganismos/Universidades/ColegiosMayores"
10297432;"Colegio Mayor Argentino Nuestra Señora de Luján";"";"";"Tipo mixta.";"Metro: Moncloa (línea 6) Ciudad Universitaria (línea 6)";"";"0";"http://www.madrid.es/sites/v/index.jsp?vgnextchannel=bfa48ab43d6bb410VgnVCM100000171f5a0aRCRD&vgnextoid=341d849d706fa510VgnVCM2000001f4a900aRCRD";"MARTIN FIERRO";"CALLE";"V";"3";"";"";"";"";"MADRID";"MADRID";"28040";"3";"CIUDAD UNIVERSITARIA";"9";"MONCLOA-ARAVACA";"437941";"4476419";"40.43610678975899";"-3.731701576349752";"911 812 050";"915 446 001";"administracion@cmanslujan.com";"/contenido/entidadesYorganismos/Universidades/ColegiosMayores"
10297437;"Colegio Mayor Barberán y Collar";"";"";"Tipo mixta.";"Consulta los siguientes enlaces:";"";"0";"http://www.madrid.es/sites/v/index.jsp?vgnextchannel=bfa48ab43d6bb410VgnVCM100000171f5a0aRCRD&vgnextoid=20cd849d706fa510VgnVCM2000001f4a900aRCRD";"SENECA";"AVENIDA";"V";"16";"";"";"";"";"MADRID";"MADRID";"28040";"3";"CIUDAD UNIVERSITARIA";"9";"MONCLOA-ARAVACA";"437816";"4476247";"40.434545397562495";"-3.7331585246591557";"916 020 300";"";"cmubarberan@mde.es";"/contenido/entidadesYorganismos/Universidades/ColegiosMayores"
6533;"Colegio Mayor Berrospe";"";"";"Tipo femenina.";"Metro: Vicente Aleixandre (línea 6).";"";"1";"http://www.madrid.es/sites/v/index.jsp?vgnextchannel=bfa48ab43d6bb410VgnVCM100000171f5a0aRCRD&vgnextoid=938b79262ef5d010VgnVCM1000000b205a0aRCRD";"MONCLOA";"AVENIDA";"V";"9";"";"";"";"";"MADRID";"MADRID";"28003";"6";"VALLEHERMOSO";"7";"CHAMBERI";"439217";"4477548";"40.44636760362397";"-3.716758311138522";"91 533 59 00";"";"cmberrospe@berrospe.org";"/contenido/entidadesYorganismos/Universidades/ColegiosMayores"
10297474;"Colegio Mayor Casa Do Brasil";"";"";"Tipo mixta.";"Metro: Ciudad Universitaria (línea 6).";"";"0";"http://www.madrid.es/sites/v/index.jsp?vgnextchannel=bfa48ab43d6bb410VgnVCM100000171f5a0aRCRD&vgnextoid=d8b0849d706fa510VgnVCM2000001f4a900aRCRD";"MEMORIA";"AVENIDA";"V";"3";"";"";"";"";"MADRID";"MADRID";"28040";"3";"CIUDAD UNIVERSITARIA";"9";"MONCLOA-ARAVACA";"438486";"4476684";"40.43853583084271";"-3.7252915757655174";"914 551 560";"";"sec@casadobrasil.es";"/contenido/entidadesYorganismos/Universidades/ColegiosMayores"
10297556;"Colegio Mayor Chaminade";"";"";"Tipo mixta.";"Metro: Vicente Aleixandre (línea 6), Guzmán el Bueno (línea 6 y 7).";"";"1";"http://www.madrid.es/sites/v/index.jsp?vgnextchannel=bfa48ab43d6bb410VgnVCM100000171f5a0aRCRD&vgnextoid=fce1849d706fa510VgnVCM2000001f4a900aRCRD";"JUAN XXIII";"PASEO";"V";"9";"";"";"";"";"MADRID";"MADRID";"28040";"3";"CIUDAD UNIVERSITARIA";"9";"MONCLOA-ARAVACA";"439137";"4477657";"40.44734637151868";"-3.7177116209853853";"915 545 400";"";"secretaria@fugjchaminade.es";"/contenido/entidadesYorganismos/Universidades/ColegiosMayores"
10297714;"Colegio Mayor Diego de Covarrubias";"";"";"Tipo mixta.";"Metro: Moncloa (Línea 6), Ciudad Universitaria (Línea 6)";"";"0";"http://www.madrid.es/sites/v/index.jsp?vgnextchannel=bfa48ab43d6bb410VgnVCM100000171f5a0aRCRD&vgnextoid=8f15849d706fa510VgnVCM2000001f4a900aRCRD";"SENECA";"AVENIDA";"V";"10";"";"";"";"";"MADRID";"MADRID";"28040";"3";"CIUDAD UNIVERSITARIA";"9";"MONCLOA-ARAVACA";"438108";"4476343";"40.43543488509487";"-3.7297224981364576";"913 941 030";"913 941 158";"cmm@pas.ucm.es";"/contenido/entidadesYorganismos/Universidades/ColegiosMayores"
10297748;"Colegio Mayor Elías Ahúja";"";"";"Tipo masculina.";"Metro: Guzman el Bueno (Línea 6)";"";"0";"http://www.madrid.es/sites/v/index.jsp?vgnextchannel=bfa48ab43d6bb410VgnVCM100000171f5a0aRCRD&vgnextoid=ba16849d706fa510VgnVCM2000001f4a900aRCRD";"RECTOR ROYO-VILLANOVA";"CALLE";"V";"4";"";"";"";"";"MADRID";"MADRID";"28040";"3";"CIUDAD UNIVERSITARIA";"9";"MONCLOA-ARAVACA";"439345";"4478044";"40.45084427289562";"-3.7153019237576634";"915 337 700";"";"info@eliasahuja.org";"/contenido/entidadesYorganismos/Universidades/ColegiosMayores"
6522;"Colegio Mayor Fundación SEPI";"";"";"Tipo mixta.";"Metro: Vicente Aleixandre (línea 6).";"";"1";"http://www.madrid.es/sites/v/index.jsp?vgnextchannel=bfa48ab43d6bb410VgnVCM100000171f5a0aRCRD&vgnextoid=a3163b54d771c010VgnVCM1000000b205a0aRCRD";"GREGORIO DEL AMO";"AVENIDA";"V";"2";"";"";"";"";"MADRID";"MADRID";"28040";"3";"CIUDAD UNIVERSITARIA";"9";"MONCLOA-ARAVACA";"439043";"4477609";"40.446907485706866";"-3.7188228498669362";"915 336 812";"";"cmusepi.cm@funep.es";"/contenido/entidadesYorganismos/Universidades/ColegiosMayores"
6520;"Colegio Mayor Jaime del Amo";"";"";"Tipo masculino.";"Metro: Vicente Aleixandre (línea 6),";"";"0";"http://www.madrid.es/sites/v/index.jsp?vgnextchannel=bfa48ab43d6bb410VgnVCM100000171f5a0aRCRD&vgnextoid=ed563b54d771c010VgnVCM1000000b205a0aRCRD";"GREGORIO DEL AMO";"AVENIDA";"V";"5";"";"";"";"";"MADRID";"MADRID";"28040";"3";"CIUDAD UNIVERSITARIA";"9";"MONCLOA-ARAVACA";"438750";"4477491";"40.44582638073112";"-3.72226686792607";"915 540 804";"915 547 066";"secretaria@jaimedelamo.org";"/contenido/entidadesYorganismos/Universidades/ColegiosMayores"
6521;"Colegio Mayor Jorge Juan";"";"";"Tipo mixta.";"Metro: Moncloa (línea 6) y Ciudad Universitaria (línea 6)";"";"0";"http://www.madrid.es/sites/v/index.jsp?vgnextchannel=bfa48ab43d6bb410VgnVCM100000171f5a0aRCRD&vgnextoid=70763b54d771c010VgnVCM1000000b205a0aRCRD";"SENECA";"AVENIDA";"V";"14";"";"";"";"";"MADRID";"MADRID";"28040";"3";"CIUDAD UNIVERSITARIA";"9";"MONCLOA-ARAVACA";"437936";"4476288";"40.4349249042721";"-3.7317433524081887";"915 507 100";"915 507 244";"secretaria@cmjorgejuan.es";"/contenido/entidadesYorganismos/Universidades/ColegiosMayores"
6523;"Colegio Mayor Juan Luis Vives";"";"";"Tipo mixta.";"Metro: Plaza de Castilla (líneas 1, 9 y 10).";"";"1";"http://www.madrid.es/sites/v/index.jsp?vgnextchannel=bfa48ab43d6bb410VgnVCM100000171f5a0aRCRD&vgnextoid=03863b54d771c010VgnVCM1000000b205a0aRCRD";"FRANCISCO SUAREZ";"CALLE";"V";"7";"";"";"";"";"MADRID";"MADRID";"28036";"5";"NUEVA ESPAÑA";"5";"CHAMARTIN";"441961";"4479597";"40.46502029145429";"-3.6845899986944497";"914 979 900";"";"cmluisvives@uam.es";"/contenido/entidadesYorganismos/Universidades/ColegiosMayores"
6524;"Colegio Mayor Juan XXIII Roncalli";"";"";"Tipo femenina.";"Metro: Vicente Aleixandre (línea 6), Guzmán el Bueno (línea 6), Ciudad Universitaria (línea 6)";"";"1";"http://www.madrid.es/sites/v/index.jsp?vgnextchannel=bfa48ab43d6bb410VgnVCM100000171f5a0aRCRD&vgnextoid=e808a4ea6871c010VgnVCM1000000b205a0aRCRD";"RAMIRO DE MAEZTU";"CALLE";"V";"3";"";"";"";"";"MADRID";"MADRID";"28040";"3";"CIUDAD UNIVERSITARIA";"9";"MONCLOA-ARAVACA";"439111";"4477845";"40.44903948047641";"-3.7180373012857046";"915 339 408";"";"direccion@roncalli.es";"/contenido/entidadesYorganismos/Universidades/ColegiosMayores"
6527;"Colegio Mayor Loyola";"";"";"Tipo mixta.";"Metro: Vicente Aleixandre (línea 6), Guzmán el Bueno (líneas 6 y 7).";"";"1";"http://www.madrid.es/sites/v/index.jsp?vgnextchannel=bfa48ab43d6bb410VgnVCM100000171f5a0aRCRD&vgnextoid=95963b54d771c010VgnVCM1000000b205a0aRCRD";"JUAN XXIII";"PASEO";"V";"17";"";"";"";"";"MADRID";"MADRID";"28040";"3";"CIUDAD UNIVERSITARIA";"9";"MONCLOA-ARAVACA";"439337";"4477951";"40.45000544910973";"-3.7153887868377877";"915 340 404";"915 352 205";"secretaria@cmuloyola.org";"/contenido/entidadesYorganismos/Universidades/ColegiosMayores"
6528;"Colegio Mayor Mara";"";"";"Tipo femenina.";"Metro: Vicente Aleixandre (línea 6), Guzmán el Bueno (líneas 6 y 7).";"";"0";"http://www.madrid.es/sites/v/index.jsp?vgnextchannel=bfa48ab43d6bb410VgnVCM100000171f5a0aRCRD&vgnextoid=28a63b54d771c010VgnVCM1000000b205a0aRCRD";"JUAN XXIII";"PASEO";"V";"15";"";"";"";"";"MADRID";"MADRID";"28040";"3";"CIUDAD UNIVERSITARIA";"9";"MONCLOA-ARAVACA";"439277";"4477904";"40.44958307800659";"-3.7160919870624136";"915 536 604";"";"secretaria@colegiomayormara.com";"/contenido/entidadesYorganismos/Universidades/ColegiosMayores"
6529;"Colegio Mayor Marqués de la Ensenada";"";"";"Tipo mixta.";"Consultar los siguientes enlaces:";"";"1";"http://www.madrid.es/sites/v/index.jsp?vgnextchannel=bfa48ab43d6bb410VgnVCM100000171f5a0aRCRD&vgnextoid=bab63b54d771c010VgnVCM1000000b205a0aRCRD";"SENECA";"AVENIDA";"V";"18";"";"";"";"";"MADRID";"MADRID";"28040";"3";"CIUDAD UNIVERSITARIA";"9";"MONCLOA-ARAVACA";"437783";"4476235";"40.43444043139228";"-3.733543743924688";"915 497 100";"915 495 501";"info@cmumarquesdelaensenada.com";"/contenido/entidadesYorganismos/Universidades/ColegiosMayores"
11955027;"Colegio Mayor Mater Salvatoris";"";"";"Tipo femenina.";"Consultar los siguientes enlaces:";"";"0";"http://www.madrid.es/sites/v/index.jsp?vgnextchannel=bfa48ab43d6bb410VgnVCM100000171f5a0aRCRD&vgnextoid=0b3d29b0795c6810VgnVCM1000001d4a900aRCRD";"VALDESQUI";"CALLE";"V";"3";"";"";"";"";"MADRID";"MADRID";"28023";"5";"VALDEMARIN";"9";"MONCLOA-ARAVACA";"434629";"4479548";"40.46404258469897";"-3.7710701028693103";"913 071 243";"";"madrid.cmu@matersalvatoris.org";"/contenido/entidadesYorganismos/Universidades/ColegiosMayores"
6530;"Colegio Mayor Méndel";"";"";"Tipo mixta.";"Metro: Vicente Aleixandre (línea 6).";"";"0";"http://www.madrid.es/sites/v/index.jsp?vgnextchannel=bfa48ab43d6bb410VgnVCM100000171f5a0aRCRD&vgnextoid=4dc63b54d771c010VgnVCM1000000b205a0aRCRD";"RECTOR ROYO-VILLANOVA";"CALLE";"V";"6";"";"";"";"";"MADRID";"MADRID";"28040";"3";"CIUDAD UNIVERSITARIA";"9";"MONCLOA-ARAVACA";"439226";"4478055";"40.450938406912854";"-3.716699793684652";"915 340 700";"";"director@cmmendel.com";"/contenido/entidadesYorganismos/Universidades/ColegiosMayores"
6531;"Colegio Mayor Moncloa";"";"";"Tipo masculina.";"Metro: Guzmán el Bueno (línea 6 y 7), Vicente Aleixandre (línea 6)";"";"0";"http://www.madrid.es/sites/v/index.jsp?vgnextchannel=bfa48ab43d6bb410VgnVCM100000171f5a0aRCRD&vgnextoid=dfd63b54d771c010VgnVCM1000000b205a0aRCRD";"MONCLOA";"AVENIDA";"V";"3";"";"";"";"";"MADRID";"MADRID";"28003";"6";"VALLEHERMOSO";"7";"CHAMBERI";"439328";"4477492";"40.44587627267912";"-3.715446297968531";"915 338 500";"";"info@cmmoncloa.org";"/contenido/entidadesYorganismos/Universidades/ColegiosMayores"
6532;"Colegio Mayor Montalbán";"";"";"Tipo masculina.";"Metro:  Núñez de Balboa (líneas 5 y 9).";"";"0";"http://www.madrid.es/sites/v/index.jsp?vgnextchannel=bfa48ab43d6bb410VgnVCM100000171f5a0aRCRD&vgnextoid=62f63b54d771c010VgnVCM1000000b205a0aRCRD";"DIEGO DE LEON";"CALLE";"V";"14";"";"";"";"";"MADRID";"MADRID";"28006";"6";"CASTELLANA";"4";"SALAMANCA";"441972";"4476247";"40.434842602381124";"-3.684160626397251";"685 745 752 (información para pisos)";"";"info@cmmontalban.com";"/contenido/entidadesYorganismos/Universidades/ColegiosMayores"
11955131;"Colegio Mayor Nuestra Señora de África";"";"";"Tipo mixta.";"Metro: Vicente Aleixandre (línea 6)";"";"1";"http://www.madrid.es/sites/v/index.jsp?vgnextchannel=bfa48ab43d6bb410VgnVCM100000171f5a0aRCRD&vgnextoid=390029b0795c6810VgnVCM1000001d4a900aRCRD";"RAMIRO DE MAEZTU";"CALLE";"V";"2";"";"";"";"";"MADRID";"MADRID";"28040";"3";"CIUDAD UNIVERSITARIA";"9";"MONCLOA-ARAVACA";"439191";"4477869";"40.44925799673555";"-3.7171006978828465";"915 540 104";"";"info.africa@eoi.es";"/contenido/entidadesYorganismos/Universidades/ColegiosMayores"
6534;"Colegio Mayor Nuestra Señora de Guadalupe";"";"";"Tipo mixta.";"Metro: Moncloa (líneas 3 y 6).";"";"1";"http://www.madrid.es/sites/v/index.jsp?vgnextchannel=bfa48ab43d6bb410VgnVCM100000171f5a0aRCRD&vgnextoid=36263b54d771c010VgnVCM1000000b205a0aRCRD";"SENECA";"AVENIDA";"V";"4";"";"";"";"";"MADRID";"MADRID";"28040";"3";"CIUDAD UNIVERSITARIA";"9";"MONCLOA-ARAVACA";"438464";"4476468";"40.4365837060789";"-3.7255298689626724";"915 435 200";"";"info.guadalupe@eoi.es";"/contenido/entidadesYorganismos/Universidades/ColegiosMayores"
10298280;"Colegio Mayor Pío XII";"";"";"Tipo masculina.";"Metro: Vicente Aleixandre (línea 6).";"";"0";"http://www.madrid.es/sites/v/index.jsp?vgnextchannel=bfa48ab43d6bb410VgnVCM100000171f5a0aRCRD&vgnextoid=5b721beab56fa510VgnVCM2000001f4a900aRCRD";"JUAN XXIII";"PASEO";"V";"3";"";"";"";"";"MADRID";"MADRID";"28040";"3";"CIUDAD UNIVERSITARIA";"9";"MONCLOA-ARAVACA";"438935";"4477389";"40.44491451422515";"-3.7200680644720574";"915 141 711";"";"info@colegiomayorpioxii.es";"/contenido/entidadesYorganismos/Universidades/ColegiosMayores"
6538;"Colegio Mayor Poveda";"";"";"Tipo femenina.";"Metro: Vicente Aleixandre (línea 6), Gúzman el Bueno (líneas 6 y 7).";"";"1";"http://www.madrid.es/sites/v/index.jsp?vgnextchannel=bfa48ab43d6bb410VgnVCM100000171f5a0aRCRD&vgnextoid=1a273b54d771c010VgnVCM1000000b205a0aRCRD";"ISAAC PERAL";"CALLE";"V";"60";"";"";"";"";"MADRID";"MADRID";"28040";"6";"VALLEHERMOSO";"7";"CHAMBERI";"439022";"4477171";"40.442963646266804";"-3.7190211475612625";"914 562 589";"";"secretaria@cmppoveda.es";"/contenido/entidadesYorganismos/Universidades/ColegiosMayores"
6545;"Colegio Mayor Santa María de Europa";"";"";"Tipo mixta.";"Metro: Islas Filipinas (línea 7), Canal (líneas 2 y 7).";"";"0";"http://www.madrid.es/sites/v/index.jsp?vgnextchannel=bfa48ab43d6bb410VgnVCM100000171f5a0aRCRD&vgnextoid=e6873b54d771c010VgnVCM1000000b205a0aRCRD";"CEA BERMUDEZ";"CALLE";"V";"17";"";"";"";"";"MADRID";"MADRID";"28003";"2";"ARAPILES";"7";"CHAMBERI";"439858";"4476690";"40.438685506832634";"-3.7091237782947606";"913 946 646";"";"ccmm@ucm.es";"/contenido/entidadesYorganismos/Universidades/ColegiosMayores"
6544;"Colegio Mayor Santa María del Pino";"";"";"Tipo femenina.";"Metro: Islas Filipinas (línea 7)";"";"1";"http://www.madrid.es/sites/v/index.jsp?vgnextchannel=bfa48ab43d6bb410VgnVCM100000171f5a0aRCRD&vgnextoid=0ca73b54d771c010VgnVCM1000000b205a0aRCRD";"SAN FRANCISCO DE SALES";"PASEO";"V";"13";"";"";"";"";"MADRID";"MADRID";"28003";"6";"VALLEHERMOSO";"7";"CHAMBERI";"439255";"4476886";"40.44040601048909";"-3.7162462206445745";"915 432 409";"915 495 022";"secretaria@colegiomayorpino.com";"/contenido/entidadesYorganismos/Universidades/ColegiosMayores"
6546;"Colegio Mayor Santa Mónica";"";"";"Tipo femenina.";"Metro: Vicente Aleixandre (línea 6), Guzmán el Bueno (líneas 6 y 7).";"";"0";"http://www.madrid.es/sites/v/index.jsp?vgnextchannel=bfa48ab43d6bb410VgnVCM100000171f5a0aRCRD&vgnextoid=9eb73b54d771c010VgnVCM1000000b205a0aRCRD";"JUAN XXIII";"PASEO";"V";"19";"";"";"";"";"MADRID";"MADRID";"28040";"3";"CIUDAD UNIVERSITARIA";"9";"MONCLOA-ARAVACA";"439401";"4477989";"40.45035239946326";"-3.7146291167019014";"915 333 001";"";"secretaria@cmumonica.es";"/contenido/entidadesYorganismos/Universidades/ColegiosMayores"
46080;"Colegio Mayor Santa Teresa de Jesús";"";"";"Tipo mixta.";"Consulta los siguientes enlaces:";"";"1";"http://www.madrid.es/sites/v/index.jsp?vgnextchannel=bfa48ab43d6bb410VgnVCM100000171f5a0aRCRD&vgnextoid=a147598d1351c010VgnVCM1000000b205a0aRCRD";"SENECA";"AVENIDA";"V";"12";"";"";"";"";"MADRID";"MADRID";"28040";"3";"CIUDAD UNIVERSITARIA";"9";"MONCLOA-ARAVACA";"438037";"4476320";"40.43522158947955";"-3.730558119606541";"913 941 008";"";"";"/contenido/entidadesYorganismos/Universidades/ColegiosMayores"
6552;"Colegio Mayor Somosierra";"";"";"Tipo femenina.";"Metro: Concha Espina (línea 9), Colombia (líneas 8 y 9).";"";"3";"http://www.madrid.es/sites/v/index.jsp?vgnextchannel=bfa48ab43d6bb410VgnVCM100000171f5a0aRCRD&vgnextoid=46f73b54d771c010VgnVCM1000000b205a0aRCRD";"VICTOR DE LA SERNA";"CALLE";"V";"13";"";"";"";"";"MADRID";"MADRID";"28016";"4";"HISPANOAMERICA";"5";"CHAMARTIN";"442967";"4478297";"40.45338463229645";"-3.672607650534373";"618 746 081";"";"cmsomosierra@cmsomosierra.com";"/contenido/entidadesYorganismos/Universidades/ColegiosMayores"
6519;"Colegio Mayor Universitario Isabel de España";"";"";"Tipo mixta.";"Metro: Vicente Aleixandre (línea 6).";"";"0";"http://www.madrid.es/sites/v/index.jsp?vgnextchannel=bfa48ab43d6bb410VgnVCM100000171f5a0aRCRD&vgnextoid=5b463b54d771c010VgnVCM1000000b205a0aRCRD";"DON RAMON MENENDEZ PIDAL";"CALLE";"V";"5";"";"";"";"";"MADRID";"MADRID";"28040";"3";"CIUDAD UNIVERSITARIA";"9";"MONCLOA-ARAVACA";"438946";"4477777";"40.44841681111204";"-3.7199730138128735";"915 336 104";"";"cmisabel@cmisabel.com";"/contenido/entidadesYorganismos/Universidades/ColegiosMayores"
6540;"Colegio Mayor Universitario San Agustín";"";"";"Tipo mixta.";"Bus: U.";"";"1";"http://www.madrid.es/sites/v/index.jsp?vgnextchannel=bfa48ab43d6bb410VgnVCM100000171f5a0aRCRD&vgnextoid=3f473b54d771c010VgnVCM1000000b205a0aRCRD";"ANTONIO NEBRIJA";"TRAVESIA";"V";"4";"";"";"";"";"MADRID";"MADRID";"28040";"3";"CIUDAD UNIVERSITARIA";"9";"MONCLOA-ARAVACA";"438288";"4476484";"40.43672037843154";"-3.7276073977792428";"915 505 000";"";"colegio@cmusa.net";"/contenido/entidadesYorganismos/Universidades/ColegiosMayores"
6542;"Colegio Mayor Universitario San Pablo";"";"";"Tipo masculina.";"Metro: Vicente Aleixandre (línea 6), Islas Filipinas (línea 7).";"";"1";"http://www.madrid.es/sites/v/index.jsp?vgnextchannel=bfa48ab43d6bb410VgnVCM100000171f5a0aRCRD&vgnextoid=54773b54d771c010VgnVCM1000000b205a0aRCRD";"ISAAC PERAL";"CALLE";"V";"58";"";"";"";"";"MADRID";"MADRID";"28040";"6";"VALLEHERMOSO";"7";"CHAMBERI";"439057";"4477082";"40.442163372591814";"-3.7186016905372776";"915 989 600";"915 340 528";"colegiomayor@cmusp.com";"/contenido/entidadesYorganismos/Universidades/ColegiosMayores"
6549;"Colegio Mayor Universitario Santillana";"";"";"Tipo masculina.";"Metro: Paco de lucía (línea 9)  Cercanías Renfe: Mirasierra-Paco de Lucia (líneas C3a, C7, C8 y Regional).";"";"0";"http://www.madrid.es/sites/v/index.jsp?vgnextchannel=bfa48ab43d6bb410VgnVCM100000171f5a0aRCRD&vgnextoid=21d73b54d771c010VgnVCM1000000b205a0aRCRD";"MARBELLA";"CALLE";"V";"60";"";"";"";"";"MADRID";"MADRID";"28034";"7";"MIRASIERRA";"8";"FUENCARRAL-EL PARDO";"440155";"4482901";"40.49465964836949";"-3.7062096187224456";"917 355 031";"";"cmsantillana@cmsantillana.org";"/contenido/entidadesYorganismos/Universidades/ColegiosMayores"
6553;"Colegio Mayor Vedruna";"";"";"Tipo femenina.";"Metro: Guzmán El Bueno (línea 6 y 7), Vicente Aleixandre (línea 6).";"";"1";"http://www.madrid.es/sites/v/index.jsp?vgnextchannel=bfa48ab43d6bb410VgnVCM100000171f5a0aRCRD&vgnextoid=7b18a4ea6871c010VgnVCM1000000b205a0aRCRD";"PRESIDENTE GARCIA MORENO";"GLORIETA";"V";"2";"";"";"";"";"MADRID";"MADRID";"28003";"6";"VALLEHERMOSO";"7";"CHAMBERI";"439366";"4477462";"40.445605369642564";"-3.714995329761434";"915 342 306 / 915 342 306";"";"recepcion@cmvedruna.org";"/contenido/entidadesYorganismos/Universidades/ColegiosMayores"
6525;"Colegio Mayor Ximénez de Cisneros";"";"";"Tipo mixta.";"Consulta los siguientes enlaces:";"";"0";"http://www.madrid.es/sites/v/index.jsp?vgnextchannel=bfa48ab43d6bb410VgnVCM100000171f5a0aRCRD&vgnextoid=0e28a4ea6871c010VgnVCM1000000b205a0aRCRD";"SENECA";"AVENIDA";"V";"8";"";"";"";"";"MADRID";"MADRID";"28040";"3";"CIUDAD UNIVERSITARIA";"9";"MONCLOA-ARAVACA";"438214";"4476373";"40.43571333918665";"-3.7284677239467596";"913 941 006";"";"ccmm@ucm.es / subdir_cisneros@ucm.es";"/contenido/entidadesYorganismos/Universidades/ColegiosMayores"
6407;"Colegio Universitario de Estudios Financieros";"";"";"";"Metro: Francos Rodríguez (línea 7).";"Campus Pirineos: calle Pirineos, 55. Codígo Postal 28040. Madrid.  Campus Almansa: calle Almansa, 101. Codígo Postal 28040. Madrid.";"3";"http://www.madrid.es/sites/v/index.jsp?vgnextchannel=bfa48ab43d6bb410VgnVCM100000171f5a0aRCRD&vgnextoid=004cf3216571c010VgnVCM1000000b205a0aRCRD";"PIRINEOS";"CALLE";"V";"55";"";"";"";"";"MADRID";"MADRID";"28040";"3";"CIUDAD UNIVERSITARIA";"9";"MONCLOA-ARAVACA";"439058";"4478350";"40.45357920636982";"-3.718717277671818";"914 445 161";"";"";"/contenido/entidadesYorganismos/Universidades/OtrosCentrosUniversitarios"
6498;"Escuela de Práctica Jurídica";"";"";"";"Metro: Noviciado (línea 2), Plaza de España (líneas 3 y 10).";"";"3";"http://www.madrid.es/sites/v/index.jsp?vgnextchannel=bfa48ab43d6bb410VgnVCM100000171f5a0aRCRD&vgnextoid=32c07b503a71c010VgnVCM1000000b205a0aRCRD";"AMANIEL";"CALLE";"V";"2";"";"";"";"";"MADRID";"MADRID";"28015";"5";"UNIVERSIDAD";"1";"CENTRO";"439846";"4475175";"40.42503902541332";"-3.7091208409661056";"915 327 391";"915 230 309";"epj@epj.es";"/contenido/entidadesYorganismos/Universidades/OtrosCentrosUniversitarios"
6376;"Escuela Politécnica de Enseñanza Superior (EPES)";"";"";"";"Metro: Vicente Aleixandre (línea 6)";"";"3";"http://www.madrid.es/sites/v/index.jsp?vgnextchannel=bfa48ab43d6bb410VgnVCM100000171f5a0aRCRD&vgnextoid=3b9d578b9671c010VgnVCM1000000b205a0aRCRD";"JUAN XXIII";"PASEO";"V";"11";"";"";"";"";"MADRID";"MADRID";"28040";"3";"CIUDAD UNIVERSITARIA";"9";"MONCLOA-ARAVACA";"439174";"4477722";"40.44793793568313";"-3.717285250885199";"910 670 679 / 910 670 676";"";"secretaria.epes@upm.es";"/contenido/entidadesYorganismos/Universidades/EscuelasUniversitarias"
6677;"Escuela Superior de Diseño";"";"";"";"Metro: Vinateros (línea 9).";"Enseñanzas artísticas:   Diseño gráfico, Diseño de producto, Diseño de interiores, Diseño de moda, Diseño de espacios comerciales, Diseño interactivo.";"3";"http://www.madrid.es/sites/v/index.jsp?vgnextchannel=bfa48ab43d6bb410VgnVCM100000171f5a0aRCRD&vgnextoid=492ba4ea6871c010VgnVCM1000000b205a0aRCRD";"CAMINO DE LOS VINATEROS";"CALLE";"V";"106";"";"";"";"";"MADRID";"MADRID";"28030";"3";"MARROQUINA";"14";"MORATALAZ";"444948";"4473365";"40.409090881121266";"-3.6488257296912585";"914 390 000";"914 379 639";"esd.madrid@educa.madrid.org";"/contenido/entidadesYorganismos/Universidades/OtrosCentrosUniversitarios"
6424;"Escuela Técnica Superior de Arquitectura";"";"";"";"Metro: Ciudad Universitaria (línea 6), Moncloa (líneas 3 y 6)";"";"3";"http://www.madrid.es/sites/v/index.jsp?vgnextchannel=bfa48ab43d6bb410VgnVCM100000171f5a0aRCRD&vgnextoid=e9ac578b9671c010VgnVCM1000000b205a0aRCRD";"JUAN DE HERRERA";"AVENIDA";"V";"4";"";"";"";"";"MADRID";"MADRID";"28040";"3";"CIUDAD UNIVERSITARIA";"9";"MONCLOA-ARAVACA";"437990";"4476806";"40.43959650623064";"-3.731162126785864";"913 366 501 / 913 366 507";"";"";"/contenido/entidadesYorganismos/Universidades/EscuelasUniversitarias"
6381;"Escuela Técnica Superior de Edificación";"";"";"";"Metro: Ciudad Universitaria (línea 6), Moncloa (línea 3)";"";"3";"http://www.madrid.es/sites/v/index.jsp?vgnextchannel=bfa48ab43d6bb410VgnVCM100000171f5a0aRCRD&vgnextoid=f05d578b9671c010VgnVCM1000000b205a0aRCRD";"JUAN DE HERRERA";"AVENIDA";"V";"6";"";"";"";"";"MADRID";"MADRID";"28040";"3";"CIUDAD UNIVERSITARIA";"9";"MONCLOA-ARAVACA";"437941";"4476747";"40.439061141330214";"-3.7317253526397614";"910 675 234";"";"comunicacion.edificacion@upm.es";"/contenido/entidadesYorganismos/Universidades/EscuelasUniversitarias"
6418;"Escuela Técnica Superior de Ingeniería Aeronáutica y del Espacio";"";"";"";"Metro: Ciudad Universitaria (línea 6), Moncloa (líneas 3 y 6)";"";"3";"http://www.madrid.es/sites/v/index.jsp?vgnextchannel=bfa48ab43d6bb410VgnVCM100000171f5a0aRCRD&vgnextoid=7cbc578b9671c010VgnVCM1000000b205a0aRCRD";"CARDENAL CISNEROS";"PLAZA";"V";"3";"";"";"";"";"MADRID";"MADRID";"28040";"3";"CIUDAD UNIVERSITARIA";"9";"MONCLOA-ARAVACA";"438543";"4476956";"40.44098319331987";"-3.7246487290907204";"910 675 534 / 910 675 572";"";"";"/contenido/entidadesYorganismos/Universidades/EscuelasUniversitarias"
6419;"Escuela Técnica Superior de Ingeniería Agronómica, Alimentaria y de Biosistemas";"";"";"";"Metro: Ciudad Universitaria (línea 6).";"";"3";"http://www.madrid.es/sites/v/index.jsp?vgnextchannel=bfa48ab43d6bb410VgnVCM100000171f5a0aRCRD&vgnextoid=0fcc578b9671c010VgnVCM1000000b205a0aRCRD";"PUERTA DE HIERRO";"AVENIDA";"V";"2";"";"";"";"";"MADRID";"MADRID";"28040";"3";"CIUDAD UNIVERSITARIA";"9";"MONCLOA-ARAVACA";"438252";"4476949";"40.440899945359334";"-3.728076234171524";"910 670 742 (Agrónomos) / 910 670 743 (Agrícolas)";"";"comunicacion.etsiaab@upm.es";"/contenido/entidadesYorganismos/Universidades/EscuelasUniversitarias"
6422;"Escuela Técnica Superior de Ingeniería de Montes, Forestal y del Medio Natural";"";"";"";"Metro: Vicente Aleixandre o Ciudad Universitaria(línea 6).";"";"3";"http://www.madrid.es/sites/v/index.jsp?vgnextchannel=bfa48ab43d6bb410VgnVCM100000171f5a0aRCRD&vgnextoid=b60d578b9671c010VgnVCM1000000b205a0aRCRD";"JOSE ANTONIO NOVAIS";"CALLE";"V";"10";"";"";"";"";"MADRID";"MADRID";"28040";"3";"CIUDAD UNIVERSITARIA";"9";"MONCLOA-ARAVACA";"438562";"4477788";"40.448485414321894";"-3.724507841206364";"Montes: 910 671 510 / Forestales: 910 671 509";"";"comunicacion.montes@upm.es";"/contenido/entidadesYorganismos/Universidades/EscuelasUniversitarias"
6379;"Escuela Técnica Superior de Ingeniería de Sistemas Informáticos";"";"";"";"Metro: Sierra de Guadalupe (línea 1).  Cercanías Renfe: Vallecas ( líneas C-7a, C-2 o C-1)";"";"3";"http://www.madrid.es/sites/v/index.jsp?vgnextchannel=bfa48ab43d6bb410VgnVCM100000171f5a0aRCRD&vgnextoid=836d578b9671c010VgnVCM1000000b205a0aRCRD";"ALAN TURING";"CALLE";"V";"1";"";"";"";"";"MADRID";"MADRID";"28030";"4";"PALOMERAS SURESTE";"13";"PUENTE DE VALLECAS";"446788";"4471274";"40.39037030758324";"-3.626968215943057";"910 673 534 / 910 673 524";"";"negociado.alumnos.etsisi@upm.es";"/contenido/entidadesYorganismos/Universidades/EscuelasUniversitarias"
6387;"Escuela Técnica Superior de Ingeniería y Diseño Industrial";"";"";"";"Metro: Embajadores (líneas 3 y 5), Atocha (línea 1)  Cercanías Renfe: Embajadores  (línea C5), Atocha (líneas C1,C2,C3,C4,C5,C6,C7,C8 y C10)";"";"3";"http://www.madrid.es/sites/v/index.jsp?vgnextchannel=bfa48ab43d6bb410VgnVCM100000171f5a0aRCRD&vgnextoid=e2dd578b9671c010VgnVCM1000000b205a0aRCRD";"VALENCIA";"RONDA";"V";"3";"";"";"";"";"MADRID";"MADRID";"28012";"6";"PALOS DE LA FRONTERA";"2";"ARGANZUELA";"440552";"4472992";"40.405420030666505";"-3.7005940001153337";"910 677 400";"";"secretaria.etsidi@upm.es";"/contenido/entidadesYorganismos/Universidades/EscuelasUniversitarias"
6417;"Escuela Técnica Superior de Ingeniería y Sistemas de Telecomunicación";"";"";"";"Metro: Sierra de Guadalupe (línea 1)  Cercanías Renfe: Atocha-Alcalá de Henares (líneas C2 y C7)";"";"3";"http://www.madrid.es/sites/v/index.jsp?vgnextchannel=bfa48ab43d6bb410VgnVCM100000171f5a0aRCRD&vgnextoid=db2d578b9671c010VgnVCM1000000b205a0aRCRD";"NIKOLA TESLA";"CALLE";"V";"";"";"";"";"";"MADRID";"MADRID";"";"";"";"";"DISTRITO";"446601";"4471101";"40.38879475945981";"-3.629147669595368";"910 673 200";"";"info@etsist.upm.es";"/contenido/entidadesYorganismos/Universidades/EscuelasUniversitarias"
11999975;"Escuela Técnica Superior de Ingenieros de Caminos, Canales y Puertos. Edificio Retiro";"";"";"";"Metro:  Atocha Renfe (línea 1)  Cercanías Renfe: Estación Atocha";"";"3";"http://www.madrid.es/sites/v/index.jsp?vgnextchannel=bfa48ab43d6bb410VgnVCM100000171f5a0aRCRD&vgnextoid=78f8bf4f5a1c7810VgnVCM2000001f4a900aRCRD";"ALFONSO XII";"CALLE";"V";"3";"";"";"";"";"MADRID";"MADRID";"28014";"5";"LOS JERONIMOS";"3";"RETIRO";"441589";"4473433";"40.4094661942901";"-3.688412783499902";"91 06 74534";"";"alumnos.caminos@upm.es";"/contenido/entidadesYorganismos/Universidades/EscuelasUniversitarias"
6421;"Escuela Técnica Superior de Ingenieros de Minas y Energía.";"Integra una Biblioteca con mobiliario histórico que cuenta con más de 7.000 ejemplares de que van de los siglos XVI al XVIII y un gran volumen de obras del siglo XIX, además de publicaciones periódicas y mapas cartográficos.";"";"";"Metro: Ríos Rosas (línea 1)";"";"3";"http://www.madrid.es/sites/v/index.jsp?vgnextchannel=bfa48ab43d6bb410VgnVCM100000171f5a0aRCRD&vgnextoid=24fc578b9671c010VgnVCM1000000b205a0aRCRD";"RIOS ROSAS";"CALLE";"V";"21";"";"";"";"";"MADRID";"MADRID";"28003";"5";"RIOS ROSAS";"7";"CHAMBERI";"440603";"4477062";"40.44209227424258";"-3.7003734646151534";"910 676 602 / 910 676 301";"";"gabinete.comunicacion.minasyenergia@upm.es";"/contenido/entidadesYorganismos/Universidades/EscuelasUniversitarias"
6375;"Escuela Técnica Superior de Ingenieros de Telecomunicación";"";"";"";"Metro: Ciudad Universitaria (línea 6)";"";"3";"http://www.madrid.es/sites/v/index.jsp?vgnextchannel=bfa48ab43d6bb410VgnVCM100000171f5a0aRCRD&vgnextoid=cdad578b9671c010VgnVCM1000000b205a0aRCRD";"COMPLUTENSE";"AVENIDA";"V";"30";"";"";"";"";"MADRID";"MADRID";"28040";"3";"CIUDAD UNIVERSITARIA";"9";"MONCLOA-ARAVACA";"438376";"4478293";"40.453018384890925";"-3.726745005476224";"910 671 900";"";"";"/contenido/entidadesYorganismos/Universidades/EscuelasUniversitarias"
6380;"Escuela Técnica Superior de Ingenieros en Topografía, Geodesia y Cartografía";"";"";"";"Metro: Sierra de Guadalupe (línea 1).  Cercanías Renfe: Vallecas (líneas C1, C2, C7a).";"";"3";"http://www.madrid.es/sites/v/index.jsp?vgnextchannel=bfa48ab43d6bb410VgnVCM100000171f5a0aRCRD&vgnextoid=75ed578b9671c010VgnVCM1000000b205a0aRCRD";"ARBOLEDA";"CALLE";"V";"1";"";"";"";"";"MADRID";"MADRID";"28031";"4";"PALOMERAS SURESTE";"13";"PUENTE DE VALLECAS";"446845";"4470681";"40.3850312955634";"-3.6262428071808612";"913 367 916";"";"";"/contenido/entidadesYorganismos/Universidades/EscuelasUniversitarias"
6427;"Escuela Técnica Superior de Ingenieros Industriales";"Integra la Biblioteca  María Moliner , fundada en 1850 para el Real Instituto Industrial. Cuenta con más de 35.000 ejemplares, entre los que se encuentra un valiosísimo fondo histórico en el campo de la ciencia y de la técnica, constituido en su mayor parte por obras del siglo XIX.";"";"";"Metro: Gregorio Marañón (líneas 7, 10).  Cercanías Renfe: Nuevos Ministerios (líneas C-1, C-3, C-4, C-7, C-8, C-10)";"";"3";"http://www.madrid.es/sites/v/index.jsp?vgnextchannel=bfa48ab43d6bb410VgnVCM100000171f5a0aRCRD&vgnextoid=6e3d578b9671c010VgnVCM1000000b205a0aRCRD";"JOSE GUTIERREZ ABASCAL";"CALLE";"V";"2";"";"";"";"";"MADRID";"MADRID";"28006";"1";"EL VISO";"5";"CHAMARTIN";"441463";"4476870";"40.44042600324054";"-3.690212174964136";"910 676 700";"";"";"/contenido/entidadesYorganismos/Universidades/EscuelasUniversitarias"
6423;"Escuela Técnica Superior de Ingenieros Navales";"";"";"";"Metro: Moncloa (línea 3), Ciudad Universitaria (línea 6).";"";"3";"http://www.madrid.es/sites/v/index.jsp?vgnextchannel=bfa48ab43d6bb410VgnVCM100000171f5a0aRCRD&vgnextoid=491d578b9671c010VgnVCM1000000b205a0aRCRD";"Arco de la Victoria";"AVENIDA";"V";"4";"";"";"";"";"MADRID";"MADRID";"28040";"3";"CIUDAD UNIVERSITARIA";"9";"MONCLOA-ARAVACA";"438559";"4476714";"40.4388050819418";"-3.724433976834532";"913 367 140";"";"informacionyservicios.navales@upm.es";"/contenido/entidadesYorganismos/Universidades/EscuelasUniversitarias"
6403;"Escuela Universitaria de Enfermería de la Cruz Roja";"";"";"";"Metro: Guzmán el Bueno (líneas 6 y 7), Cuatro Caminos (líneas 1, 2 y 6).";"";"3";"http://www.madrid.es/sites/v/index.jsp?vgnextchannel=bfa48ab43d6bb410VgnVCM100000171f5a0aRCRD&vgnextoid=4cfec05ef571c010VgnVCM1000000b205a0aRCRD";"REINA VICTORIA";"AVENIDA";"V";"28";"";"";"";"";"MADRID";"MADRID";"28003";"3";"CIUDAD UNIVERSITARIA";"9";"MONCLOA-ARAVACA";"439817";"4477640";"40.447245864225934";"-3.7096954577510513";"915 343 649";"";"inforeue@cruzroja.es";"/contenido/entidadesYorganismos/Universidades/EscuelasUniversitarias"
6373;"Escuela Universitaria de Enfermería. Fundación Jiménez Díaz";"";"";"";"Metro: Moncloa (líneas 3 y 6), Arg&amp;uuml;elles (lineas 3, 4 y 6).";"";"3";"http://www.madrid.es/sites/v/index.jsp?vgnextchannel=bfa48ab43d6bb410VgnVCM100000171f5a0aRCRD&vgnextoid=27dec05ef571c010VgnVCM1000000b205a0aRCRD";"LISBOA";"CALLE";"V";"3";"";"";"";"";"MADRID";"MADRID";"28008";"2";"ARGUELLES";"9";"MONCLOA-ARAVACA";"438613";"4475978";"40.432178026136526";"-3.7237339935316442";"915 504 863 / 915 504 864";"";"escuelaenfermeriafjd@quironsalud.es";"/contenido/entidadesYorganismos/Universidades/EscuelasUniversitarias"
6369;"Escuela Universitaria de Magisterio";"";"";"";"Metro: Eugenia de Montijo (línea 5), Carabanchel Alto (línea 11).  Cercanías Renfe: Aluche (C5).";"";"3";"http://www.madrid.es/sites/v/index.jsp?vgnextchannel=bfa48ab43d6bb410VgnVCM100000171f5a0aRCRD&vgnextoid=612fc05ef571c010VgnVCM1000000b205a0aRCRD";"NUESTRA SEÑORA DE FATIMA";"AVENIDA";"V";"102";"";"";"";"";"MADRID";"MADRID";"28047";"4";"VISTA ALEGRE";"11";"CARABANCHEL";"436429";"4470018";"40.378328008655004";"-3.7488801858007923";"914 651 700";"";"info@escuni.es";"/contenido/entidadesYorganismos/Universidades/EscuelasUniversitarias"
6446;"Facultad de Ciencias de la Actividad Física y del Deporte (INEF)";"";"";"";"Metro: Ciudad Universitaria (línea 6),Moncloa (líneas 3 y 6)";"";"3";"http://www.madrid.es/sites/v/index.jsp?vgnextchannel=bfa48ab43d6bb410VgnVCM100000171f5a0aRCRD&vgnextoid=08fd578b9671c010VgnVCM1000000b205a0aRCRD";"MARTIN FIERRO";"CALLE";"V";"7";"";"";"";"";"MADRID";"MADRID";"28040";"3";"CIUDAD UNIVERSITARIA";"9";"MONCLOA-ARAVACA";"437872";"4476649";"40.4381730352489";"-3.7325360017630174";"910 677 850";"";"";"/contenido/entidadesYorganismos/Universidades/Facultades"
109174;"Instituto de Estudios Bursátiles";"";"De lunes a viernes, de 9 a 14 horas y de 16 a 18:30 horas.  Sábados, de 8:30 a 14 horas.";"";"Cercanías Renfe: Aravaca (C7 y C10).";"";"3";"http://www.madrid.es/sites/v/index.jsp?vgnextchannel=bfa48ab43d6bb410VgnVCM100000171f5a0aRCRD&vgnextoid=19e215a11a81c010VgnVCM1000000b205a0aRCRD";"TALGO";"AVENIDA";"V";"5";"";"";"";"";"MADRID";"MADRID";"28023";"7";"ARAVACA";"9";"MONCLOA-ARAVACA";"433957";"4477653";"40.446914051263015";"-3.7787937166693006";"915 240 615";"";"info@ieb.es";"/contenido/entidadesYorganismos/Universidades/OtrosCentrosUniversitarios"
97192;"Instituto de Salud Carlos III. Escuela Nacional de Medicina del Trabajo";"";"";"";"Consulta os siguientes enlaces";"";"3";"http://www.madrid.es/sites/v/index.jsp?vgnextchannel=bfa48ab43d6bb410VgnVCM100000171f5a0aRCRD&vgnextoid=56e94f36ff81c010VgnVCM1000000b205a0aRCRD";"SINESIO DELGADO";"CALLE";"V";"8";"";"";"";"";"MADRID";"MADRID";"28029";"5";"LA PAZ";"8";"FUENCARRAL-EL PARDO";"441184";"4480675";"40.47467830039234";"-3.693859963015047";"918 224 039 / 918 224 026";"";"secretaria.enmt@isciii.es";"/contenido/entidadesYorganismos/Universidades/OtrosCentrosUniversitarios"
11954914;"Residencia de Estudiantes Ciudad Escolar. Comunidad de Madrid.";"";"";"Tipo mixta.";"Cercanias Renfe: Ramón y Cajal (líneas C10, C8-A, C8-B)";"";"1";"http://www.madrid.es/sites/v/index.jsp?vgnextchannel=bfa48ab43d6bb410VgnVCM100000171f5a0aRCRD&vgnextoid=e94b29b0795c6810VgnVCM1000001d4a900aRCRD";"COLMENAR VIEJO";"CARRETERA";"V";"";"";"";"";"Km. 12,800";"MADRID";"MADRID";"";"";"";"";"DISTRITO";"441896";"4481341";"40.52514591809954";"-3.6853908329744214";"917 342 700";"";"residenciadeestudiantes@educa.madrid.org";"/contenido/entidadesYorganismos/Universidades/ColegiosMayores"
11163416;"Residencia de estudiantes Palacio de Barradas";"";"";"Tipo mixta.";"Metro: Noviciado (líneas 2, 3 y 10), San Bernardo (líneas 2 y 4).";"";"1";"http://www.madrid.es/sites/v/index.jsp?vgnextchannel=bfa48ab43d6bb410VgnVCM100000171f5a0aRCRD&vgnextoid=ac266736b3f41710VgnVCM1000001d4a900aRCRD";"SAN BERNARDO";"CALLE";"V";"63";"";"";"";"";"MADRID";"MADRID";"28015";"5";"UNIVERSIDAD";"1";"CENTRO";"440034";"4475331";"40.42645825034476";"-3.706923606244769";"915 228 996 / 915 232 800 / 617 342 910";"";"";"/contenido/entidadesYorganismos/Universidades/ColegiosMayores"
55233;"Residencia Universitaria Augustinus Nebrija";"";"";"Tipo mixta.";"Metro: Islas Filipinas (línea 7) y Moncloa (líneas 3 y 6).";"";"1";"http://www.madrid.es/sites/v/index.jsp?vgnextchannel=bfa48ab43d6bb410VgnVCM100000171f5a0aRCRD&vgnextoid=d0ae444a2951c010VgnVCM2000000c205a0aRCRD";"CEA BERMUDEZ";"CALLE";"V";"59";"";"";"";"";"MADRID";"MADRID";"28003";"1";"GAZTAMBIDE";"7";"CHAMBERI";"439315";"4476722";"40.43894007585974";"-3.715531702478502";"914 521 150";"";"residencias@nebrija.es";"/contenido/entidadesYorganismos/Universidades/ColegiosMayores"
168328;"Residencia Universitaria Erasmo";"";"";"Tipo mixta.";"Cercanías Renfe: Cantoblanco Universidad (líneas C4a y C4b).";"";"1";"http://www.madrid.es/sites/v/index.jsp?vgnextchannel=bfa48ab43d6bb410VgnVCM100000171f5a0aRCRD&vgnextoid=333629ea9281c010VgnVCM1000000b205a0aRCRD";"ERASMO DE ROTTERDAM";"CALLE";"V";"5";"";"";"";"";"MADRID";"MADRID";"28049";"8";"EL GOLOSO";"8";"FUENCARRAL-EL PARDO";"440813";"4488820";"40.548027795931425";"-3.6989970922329403";"911 312 100";"913 721 437";"erasmo@resa.es";"/contenido/entidadesYorganismos/Universidades/ColegiosMayores"
185968;"Residencia Universitaria Gómez Pardo";"";"";"Tipo mixta.";"Metro: Ríos Rosas (línea 1), Cuatro Caminos (líneas 1, 2 y 6).";"";"0";"http://www.madrid.es/sites/v/index.jsp?vgnextchannel=bfa48ab43d6bb410VgnVCM100000171f5a0aRCRD&vgnextoid=7c26af5e2775e010VgnVCM2000000c205a0aRCRD";"CRISTOBAL BORDIU";"CALLE";"V";"30";"";"";"";"";"MADRID";"MADRID";"28003";"5";"RIOS ROSAS";"7";"CHAMBERI";"440559";"4477168";"40.443040030471";"-3.7009070820260876";"914 417 921";"914 429 529";"residencia@fgomezpardo.es";"/contenido/entidadesYorganismos/Universidades/ColegiosMayores"
7614004;"Residencia Universitaria José Pérez de Vargas";"";"";"Tipo mixta.";"Metro: Vicálvaro (línea 9).";"";"3";"http://www.madrid.es/sites/v/index.jsp?vgnextchannel=bfa48ab43d6bb410VgnVCM100000171f5a0aRCRD&vgnextoid=f15b16621fc08410VgnVCM1000000b205a0aRCRD";"DAROCA";"AVENIDA";"V";"321";"";"";"";"";"MADRID";"MADRID";"28032";"1";"CASCO H.VICALVARO";"19";"VICALVARO";"448006";"4473031";"40.406276896821566";"-3.6127600502928536";"917 753 042";"";"administracion@residenciavicalvarourjc.com";"/contenido/entidadesYorganismos/Universidades/ColegiosMayores"
12727283;"Residencia Universitaria Nebrija Arturo Soria";"";"";"Tipo mixta.";"Metro: Arturo soria (línea 4)";"";"1";"http://www.madrid.es/sites/v/index.jsp?vgnextchannel=bfa48ab43d6bb410VgnVCM100000171f5a0aRCRD&vgnextoid=54143bc2f23b5910VgnVCM2000001f4a900aRCRD";"ASURA";"CALLE";"V";"90";"";"";"";"";"MADRID";"MADRID";"28043";"3";"CANILLAS";"16";"HORTALEZA";"444511";"4478743";"40.45750817868435";"-3.6544422302629136";"914 521 150";"";"residencias@nebrija.es";"/contenido/entidadesYorganismos/Universidades/ColegiosMayores"
6461002;"Residencia Universitaria Nebrija Chamberí";"";"";"Tipo mixta.";"Metro: Bilbao (líneas 1 y 4), Alonso Martínez (líneas 4, 5 y 10).";"";"0";"http://www.madrid.es/sites/v/index.jsp?vgnextchannel=bfa48ab43d6bb410VgnVCM100000171f5a0aRCRD&vgnextoid=1f67e1925e0c7310VgnVCM1000000b205a0aRCRD";"NICASIO GALLEGO";"CALLE";"V";"12";"";"";"";"";"MADRID";"MADRID";"28010";"3";"TRAFALGAR";"7";"CHAMBERI";"440717";"4475655";"40.42942134889185";"-3.698902512090178";"914 471 200 / 914 521 150";"";"residencias@nebrija.es";"/contenido/entidadesYorganismos/Universidades/ColegiosMayores"
8154142;"Residencia Universitaria Nebrija - Corazonistas";"";"";"Tipo mixta.";"Metro: Arg&amp;uuml;elles (líneas 3, 4 y 6), Moncloa (líneas 3 y 6)";"";"0";"http://www.madrid.es/sites/v/index.jsp?vgnextchannel=bfa48ab43d6bb410VgnVCM100000171f5a0aRCRD&vgnextoid=107861ffd35be410VgnVCM2000000c205a0aRCRD";"TUTOR";"CALLE";"V";"36";"";"";"";"";"MADRID";"MADRID";"28008";"2";"ARGUELLES";"9";"MONCLOA-ARAVACA";"439208";"4475677";"40.42951144473094";"-3.7166919067720485";"915 478 800 / 914 521 150";"";"residencias@nebrija.es";"/contenido/entidadesYorganismos/Universidades/ColegiosMayores"
11954900;"Residencia Universitaria Tagaste";"";"";"Tipo mixta.";"Metro: Goya (líneas 2 y 4).";"";"3";"http://www.madrid.es/sites/v/index.jsp?vgnextchannel=bfa48ab43d6bb410VgnVCM100000171f5a0aRCRD&vgnextoid=605929b0795c6810VgnVCM1000001d4a900aRCRD";"GENERAL PARDI&amp;Ntilde;AS";"CALLE";"V";"34";"";"";"";"";"MADRID";"MADRID";"28001";"2";"GOYA";"4";"SALAMANCA";"442453";"4475337";"40.42668459434315";"-3.6784079436749755";"647 904 401 / 914 354 180";"";"holamadrid@tagaste.com";"/contenido/entidadesYorganismos/Universidades/ColegiosMayores"
32179;"Universidad Autónoma de Madrid. Escuela Politécnica Superior";"";"";"";"Cercanías Renfe: Cantoblanco Universidad (línea C4).";"";"3";"http://www.madrid.es/sites/v/index.jsp?vgnextchannel=bfa48ab43d6bb410VgnVCM100000171f5a0aRCRD&vgnextoid=f6f96545f951c010VgnVCM2000000c205a0aRCRD";"FRANCISCO TOMAS Y VALIENTE";"CALLE";"V";"11";"";"";"";"";"MADRID";"MADRID";"28049";"8";"EL GOLOSO";"8";"FUENCARRAL-EL PARDO";"441440";"4488695";"40.54694594124175";"-3.6915841963667";"914 977 438";"";"información.eps@uam.es";"/contenido/entidadesYorganismos/Universidades/EscuelasUniversitarias"
6374;"Universidad Autónoma de Madrid. Escuela Universitaria de Fisioterapia de la ONCE";"";"";"";"Cercanías Renfe: Mirasierra Paco de Lucía (C7 y C8).";"";"3";"http://www.madrid.es/sites/v/index.jsp?vgnextchannel=bfa48ab43d6bb410VgnVCM100000171f5a0aRCRD&vgnextoid=af96c05ef571c010VgnVCM1000000b205a0aRCRD";"NURIA";"CALLE";"V";"42";"";"";"";"";"MADRID";"MADRID";"28034";"7";"MIRASIERRA";"8";"FUENCARRAL-EL PARDO";"439980";"4482819";"40.493908768303584";"-3.708268358490922";"915 894 500";"915 894 498";"euf@once.es";"/contenido/entidadesYorganismos/Universidades/EscuelasUniversitarias"
6352;"Universidad Autónoma de Madrid. Facultad de Ciencias";"";"";"";"Cercanías Renfe: Cantoblanco Universidad (línea C4).";"";"3";"http://www.madrid.es/sites/v/index.jsp?vgnextchannel=bfa48ab43d6bb410VgnVCM100000171f5a0aRCRD&vgnextoid=3c47c05ef571c010VgnVCM1000000b205a0aRCRD";"FRANCISCO TOMAS Y VALIENTE";"CALLE";"V";"7";"";"";"";"";"MADRID";"MADRID";"28049";"8";"EL GOLOSO";"8";"FUENCARRAL-EL PARDO";"441133";"4488524";"40.54537941407227";"-3.6951833197962536";"914 974 331 / 914 973 005";"";"informacion.ciencias@uam.es";"/contenido/entidadesYorganismos/Universidades/Facultades"
6353;"Universidad Autónoma de Madrid. Facultad de Ciencias Económicas y Empresariales";"";"";"";"Cercanías Renfe: Cantoblanco Universidad (línea C4).";"";"3";"http://www.madrid.es/sites/v/index.jsp?vgnextchannel=bfa48ab43d6bb410VgnVCM100000171f5a0aRCRD&vgnextoid=a937c05ef571c010VgnVCM1000000b205a0aRCRD";"FRANCISCO TOMAS Y VALIENTE";"CALLE";"V";"5";"";"";"";"";"MADRID";"MADRID";"28049";"8";"EL GOLOSO";"8";"FUENCARRAL-EL PARDO";"441012";"4488468";"40.54487238078954";"-3.6966067777305702";"914 974 683 / 914 976 951";"";"";"/contenido/entidadesYorganismos/Universidades/Facultades"
6354;"Universidad Autónoma de Madrid. Facultad de Derecho";"";"";"";"";"";"3";"http://www.madrid.es/sites/v/index.jsp?vgnextchannel=bfa48ab43d6bb410VgnVCM100000171f5a0aRCRD&vgnextoid=ce57c05ef571c010VgnVCM1000000b205a0aRCRD";"KELSEN";"CALLE";"V";"1";"";"";"";"";"MADRID";"MADRID";"28049";"8";"EL GOLOSO";"8";"FUENCARRAL-EL PARDO";"441475";"4488100";"40.541584341026066";"-3.6911146791930514";"914 978 118 / 914 972 503";"";"informacion.derecho@uam.es";"/contenido/entidadesYorganismos/Universidades/Facultades"
6355;"Universidad Autónoma de Madrid. Facultad de Filosofía y Letras";"";"";"";"Cercanías Renfe: Cantoblanco Universidad (línea C4).";"";"3";"http://www.madrid.es/sites/v/index.jsp?vgnextchannel=bfa48ab43d6bb410VgnVCM100000171f5a0aRCRD&vgnextoid=5177c05ef571c010VgnVCM1000000b205a0aRCRD";"FRANCISCO TOMAS Y VALIENTE";"CALLE";"V";"1";"";"";"";"";"MADRID";"MADRID";"28049";"8";"EL GOLOSO";"8";"FUENCARRAL-EL PARDO";"440863";"4488409";"40.544325916954385";"-3.698365543129191";"914 974 354";"";"informacion.filosofia@uam.es";"/contenido/entidadesYorganismos/Universidades/Facultades"
6360;"Universidad Autónoma de Madrid. Facultad de Formación de Profesorado y Educación";"";"";"";"Cercanías Renfe: Cantoblanco Universidad (línea C4).";"";"3";"http://www.madrid.es/sites/v/index.jsp?vgnextchannel=bfa48ab43d6bb410VgnVCM100000171f5a0aRCRD&vgnextoid=e387c05ef571c010VgnVCM1000000b205a0aRCRD";"FRANCISCO TOMAS Y VALIENTE";"CALLE";"V";"3";"";"";"";"";"MADRID";"MADRID";"28049";"8";"EL GOLOSO";"8";"FUENCARRAL-EL PARDO";"440913";"4488429";"40.54451020545557";"-3.697774510862534";"914 974 682 / 914 977 567";"";"conserjeria.fprofesorado@uam.es";"/contenido/entidadesYorganismos/Universidades/Facultades"
6357;"Universidad Autónoma de Madrid. Facultad de Medicina";"";"";"";"Metro: Begoña (línea 10).";"";"3";"http://www.madrid.es/sites/v/index.jsp?vgnextchannel=bfa48ab43d6bb410VgnVCM100000171f5a0aRCRD&vgnextoid=7697c05ef571c010VgnVCM1000000b205a0aRCRD";"ARZOBISPO MORCILLO";"CALLE";"V";"4";"";"";"";"";"MADRID";"MADRID";"28029";"5";"LA PAZ";"8";"FUENCARRAL-EL PARDO";"441439";"4481362";"40.4808908842711";"-3.6909106726884695";"914 975 486";"";"informacion.medicina@uam.es";"/contenido/entidadesYorganismos/Universidades/Facultades"
6356;"Universidad Autónoma de Madrid. Facultad de Psicología";"";"";"";"Cercanías Renfe: Cantoblanco Universidad (línea C4).";"";"3";"http://www.madrid.es/sites/v/index.jsp?vgnextchannel=bfa48ab43d6bb410VgnVCM100000171f5a0aRCRD&vgnextoid=09a7c05ef571c010VgnVCM1000000b205a0aRCRD";"IVAN PAVLOV";"CALLE";"V";"6";"";"";"";"";"MADRID";"MADRID";"28049";"8";"EL GOLOSO";"8";"FUENCARRAL-EL PARDO";"441360";"4488349";"40.543827683418954";"-3.6924908365072424";"914 974 434";"";"";"/contenido/entidadesYorganismos/Universidades/Facultades"
5321256;"Universidad Complutense de Madrid. Centro Complutense para la Enseñanza del Español";"";"";"";"Metro: Ciudad Universitaria (línea 6).";"";"3";"http://www.madrid.es/sites/v/index.jsp?vgnextchannel=bfa48ab43d6bb410VgnVCM100000171f5a0aRCRD&vgnextoid=a414ad4ae5b01210VgnVCM1000000b205a0aRCRD";"MENENDEZ PELAYO";"PLAZA";"V";"";"";"";"";"";"MADRID";"MADRID";"28040";"3";"CIUDAD UNIVERSITARIA";"9";"MONCLOA-ARAVACA";"438054";"4477848";"40.4489838961669";"-3.730503351852514";"913 945 325";"";"ceextran@filol.ucm.es";"/contenido/entidadesYorganismos/Universidades/OtrosCentrosUniversitarios"
5412137;"Universidad Complutense de Madrid. Centro Superior de Idiomas Modernos";"";"Secretaría Académica: de lunes a viernes, de 9 a 15 horas.  Secretaría de Alumnos: de lunes a viernes de 9 a 14 horas.";"";"Metro: Ciudad Universitaria (línea 6).";"";"3";"http://www.madrid.es/sites/v/index.jsp?vgnextchannel=bfa48ab43d6bb410VgnVCM100000171f5a0aRCRD&vgnextoid=0f66c3665e393210VgnVCM2000000c205a0aRCRD";"PROFESOR ARANGUREN";"CALLE";"V";"";"";"";"";"";"MADRID";"MADRID";"28040";"3";"CIUDAD UNIVERSITARIA";"9";"MONCLOA-ARAVACA";"437893";"4477701";"40.447654037490636";"-3.732389406635356";"913 947 754 / 913 946 358 / 913 947 813";"";"idiomascomplutense@ucm.es";"/contenido/entidadesYorganismos/Universidades/OtrosCentrosUniversitarios"
6492;"Universidad Complutense de Madrid. Escuela Profesional de Medicina Legal y Forense";"";"";"";"Metro: Ciudad Universitaria (línea 6).";"";"3";"http://www.madrid.es/sites/v/index.jsp?vgnextchannel=bfa48ab43d6bb410VgnVCM100000171f5a0aRCRD&vgnextoid=afa07b503a71c010VgnVCM1000000b205a0aRCRD";"COMPLUTENSE";"AVENIDA";"V";"";"";"";"";"";"MADRID";"MADRID";"28040";"3";"CIUDAD UNIVERSITARIA";"9";"MONCLOA-ARAVACA";"438315";"4477254";"40.443658832937935";"-3.7273650145663653";"913 941 574";"";"emedicin@ucm.es";"/contenido/entidadesYorganismos/Universidades/OtrosCentrosUniversitarios"
6501;"Universidad Complutense de Madrid. Escuela Profesional de Relaciones Laborales";"";"";"";"Metro: Noviciado (línea 2), Plaza de España (líneas 3 y 10).";"";"3";"http://www.madrid.es/sites/v/index.jsp?vgnextchannel=bfa48ab43d6bb410VgnVCM100000171f5a0aRCRD&vgnextoid=c4d07b503a71c010VgnVCM1000000b205a0aRCRD";"SAN BERNARDO";"CALLE";"V";"49";"";"";"";"";"MADRID";"MADRID";"28015";"5";"UNIVERSIDAD";"1";"CENTRO";"439983";"4475154";"40.424857288787685";"-3.7075073443351645";"913 946 625";"";"";"/contenido/entidadesYorganismos/Universidades/OtrosCentrosUniversitarios"
6320;"Universidad Complutense de Madrid. Facultad de Bellas Artes";"";"";"";"Metro: Ciudad Universitaria (línea 6).";"";"3";"http://www.madrid.es/sites/v/index.jsp?vgnextchannel=bfa48ab43d6bb410VgnVCM100000171f5a0aRCRD&vgnextoid=b268578b9671c010VgnVCM1000000b205a0aRCRD";"PINTOR EL GRECO";"CALLE";"V";"2";"";"";"";"";"MADRID";"MADRID";"28040";"3";"CIUDAD UNIVERSITARIA";"9";"MONCLOA-ARAVACA";"437753";"4476770";"40.43924887699439";"-3.7339441902245993";"913 943 560";"";"safba@ucm.es";"/contenido/entidadesYorganismos/Universidades/Facultades"
6306;"Universidad Complutense de Madrid. Facultad de Ciencias Biológicas";"";"";"";"Metro: Ciudad Universitaria (línea 6).";"";"3";"http://www.madrid.es/sites/v/index.jsp?vgnextchannel=bfa48ab43d6bb410VgnVCM100000171f5a0aRCRD&vgnextoid=4578578b9671c010VgnVCM1000000b205a0aRCRD";"JOSE ANTONIO NOVAIS";"CALLE";"V";"12";"";"";"";"";"MADRID";"MADRID";"28040";"3";"CIUDAD UNIVERSITARIA";"9";"MONCLOA-ARAVACA";"438460";"4477802";"40.44860689706268";"-3.7257076188100315";"913 945 066";"";"infobio@ucm.es";"/contenido/entidadesYorganismos/Universidades/Facultades"
6385;"Universidad Complutense de Madrid. Facultad de Ciencias de la Documentación";"";"";"";"Metro: Alonso Cano (línea 7), Canal (líneas 2 y 7), Rios Rosas (línea 1).";"";"3";"http://www.madrid.es/sites/v/index.jsp?vgnextchannel=bfa48ab43d6bb410VgnVCM100000171f5a0aRCRD&vgnextoid=e508578b9671c010VgnVCM1000000b205a0aRCRD";"SANTISIMA TRINIDAD";"CALLE";"V";"37";"";"";"";"";"MADRID";"MADRID";"28010";"3";"TRAFALGAR";"7";"CHAMBERI";"440530";"4476626";"40.438157283286685";"-3.701196886214348";"913 946 671 / 913 946 662";"";"infccdoc@ucm.es";"/contenido/entidadesYorganismos/Universidades/Facultades"
6319;"Universidad Complutense de Madrid. Facultad de Ciencias de la Información";"";"";"";"Metro: Ciudad Universitaria (línea 6).";"";"3";"http://www.madrid.es/sites/v/index.jsp?vgnextchannel=bfa48ab43d6bb410VgnVCM100000171f5a0aRCRD&vgnextoid=d788578b9671c010VgnVCM1000000b205a0aRCRD";"COMPLUTENSE";"AVENIDA";"V";"";"";"";"";"";"MADRID";"MADRID";"28040";"3";"CIUDAD UNIVERSITARIA";"9";"MONCLOA-ARAVACA";"438315";"4477254";"40.443658832937935";"-3.7273650145663653";"913 942 220";"";"";"/contenido/entidadesYorganismos/Universidades/Facultades"
6307;"Universidad Complutense de Madrid. Facultad de Ciencias Físicas";"";"";"";"Metro: Ciudad Universitaria (línea 6).";"";"3";"http://www.madrid.es/sites/v/index.jsp?vgnextchannel=bfa48ab43d6bb410VgnVCM100000171f5a0aRCRD&vgnextoid=fca8578b9671c010VgnVCM1000000b205a0aRCRD";"CIENCIAS";"PLAZA";"V";"1";"";"";"";"";"MADRID";"MADRID";"28040";"3";"CIUDAD UNIVERSITARIA";"9";"MONCLOA-ARAVACA";"438430";"4478044";"40.450777002534814";"-3.7260915899587603";"913 944 648 / 913 944 627";"";"infofisicas@ucm.es";"/contenido/entidadesYorganismos/Universidades/Facultades"
6305;"Universidad Complutense de Madrid. Facultad de Ciencias Geológicas";"";"";"";"Metro: Ciudad Universitaria (línea 6).";"";"3";"http://www.madrid.es/sites/v/index.jsp?vgnextchannel=bfa48ab43d6bb410VgnVCM100000171f5a0aRCRD&vgnextoid=8fb8578b9671c010VgnVCM1000000b205a0aRCRD";"JOSE ANTONIO NOVAIS";"CALLE";"V";"12";"";"";"";"";"MADRID";"MADRID";"28040";"3";"CIUDAD UNIVERSITARIA";"9";"MONCLOA-ARAVACA";"438460";"4477802";"40.44860689706268";"-3.7257076188100315";"913 944 837 / 913 945 109";"";"infoweb@geo.ucm.es";"/contenido/entidadesYorganismos/Universidades/Facultades"
6313;"Universidad Complutense de Madrid. Facultad de Ciencias Matemáticas";"";"";"";"Metro: Ciudad Universitaria (línea 6).";"";"3";"http://www.madrid.es/sites/v/index.jsp?vgnextchannel=bfa48ab43d6bb410VgnVCM100000171f5a0aRCRD&vgnextoid=12d8578b9671c010VgnVCM1000000b205a0aRCRD";"CIENCIAS";"PLAZA";"V";"3";"";"";"";"";"MADRID";"MADRID";"28040";"3";"CIUDAD UNIVERSITARIA";"9";"MONCLOA-ARAVACA";"438442";"4477897";"40.44945850908754";"-3.7259383636708434";"913 944 624";"";"solicitudesmat@ucm.es";"/contenido/entidadesYorganismos/Universidades/Facultades"
6308;"Universidad Complutense de Madrid. Facultad de Ciencias Químicas";"";"";"";"Metro: Ciudad Universitaria (línea 6).";"";"3";"http://www.madrid.es/sites/v/index.jsp?vgnextchannel=bfa48ab43d6bb410VgnVCM100000171f5a0aRCRD&vgnextoid=37f8578b9671c010VgnVCM1000000b205a0aRCRD";"CIENCIAS";"PLAZA";"V";"2";"";"";"";"";"MADRID";"MADRID";"28040";"3";"CIUDAD UNIVERSITARIA";"9";"MONCLOA-ARAVACA";"438485";"4478022";"40.45059008963721";"-3.72544215024058";"913 944 293 / 913 944 296";"";"salquim@ucm.es";"/contenido/entidadesYorganismos/Universidades/Facultades"
44824;"Universidad Complutense de Madrid. Facultad de Comercio y Turismo";"";"";"";"Metro: Islas Filipinas (línea 7).";"";"3";"http://www.madrid.es/sites/v/index.jsp?vgnextchannel=bfa48ab43d6bb410VgnVCM100000171f5a0aRCRD&vgnextoid=bd982c798651c010VgnVCM2000000c205a0aRCRD";"FILIPINAS";"AVENIDA";"V";"3";"";"";"";"";"MADRID";"MADRID";"28003";"6";"VALLEHERMOSO";"7";"CHAMBERI";"439657";"4476807";"40.43972279736298";"-3.7115000631943875";"913 946 767";"";"";"/contenido/entidadesYorganismos/Universidades/Facultades"
6316;"Universidad Complutense de Madrid. Facultad de Derecho";"";"";"";"Metro: Ciudad Universitaria (línea 6).";"";"3";"http://www.madrid.es/sites/v/index.jsp?vgnextchannel=bfa48ab43d6bb410VgnVCM100000171f5a0aRCRD&vgnextoid=c909578b9671c010VgnVCM1000000b205a0aRCRD";"COMPLUTENSE";"AVENIDA";"V";"";"";"";"";"";"MADRID";"MADRID";"28040";"3";"CIUDAD UNIVERSITARIA";"9";"MONCLOA-ARAVACA";"438315";"4477254";"40.443658832937935";"-3.7273650145663653";"913 945 428";"";"";"/contenido/entidadesYorganismos/Universidades/Facultades"
6340;"Universidad Complutense de Madrid. Facultad de Educación - Centro de Formación del Profesorado";"";"";"";"Metro: Vicente Aleixandre (línea 6), Francos Rodríguez (línea 7) Guzmán el Bueno (líneas 6 y 7).";"";"3";"http://www.madrid.es/sites/v/index.jsp?vgnextchannel=bfa48ab43d6bb410VgnVCM100000171f5a0aRCRD&vgnextoid=5c19578b9671c010VgnVCM1000000b205a0aRCRD";"RECTOR ROYO-VILLANOVA";"CALLE";"V";"1";"";"";"";"";"MADRID";"MADRID";"28040";"3";"CIUDAD UNIVERSITARIA";"9";"MONCLOA-ARAVACA";"439171";"4477962";"40.45009595969183";"-3.7173415690104594";"913 946 136 / 913 946 132 / 913 946 311 / 913 946 209 / 913 946 119";"";"secre.alumnos@edu.ucm.es";"/contenido/entidadesYorganismos/Universidades/Facultades"
6366;"Universidad Complutense de Madrid. Facultad de Enfermería, Fisioterapia y Podología";"";"";"";"Metro: Ciudad Universitaria (línea 6).";"";"3";"http://www.madrid.es/sites/v/index.jsp?vgnextchannel=bfa48ab43d6bb410VgnVCM100000171f5a0aRCRD&vgnextoid=7818578b9671c010VgnVCM1000000b205a0aRCRD";"RAMON Y CAJAL";"PLAZA";"V";"3";"";"";"";"";"MADRID";"MADRID";"28040";"3";"CIUDAD UNIVERSITARIA";"9";"MONCLOA-ARAVACA";"438493";"4477279";"40.44388989111186";"-3.725275188293443";"913 941 536 / 913 941 530 / 913 941 648";"";"secre.alumnos@enf.ucm.es";"/contenido/entidadesYorganismos/Universidades/Facultades"
6365;"Universidad Complutense de Madrid. Facultad de Estudios Estadísticos";"";"";"";"Metro: Ciudad Universitaria (línea 6).";"";"3";"http://www.madrid.es/sites/v/index.jsp?vgnextchannel=bfa48ab43d6bb410VgnVCM100000171f5a0aRCRD&vgnextoid=0b28578b9671c010VgnVCM1000000b205a0aRCRD";"PUERTA DE HIERRO";"AVENIDA";"V";"";"";"";"";"";"MADRID";"MADRID";"28040";"3";"CIUDAD UNIVERSITARIA";"9";"MONCLOA-ARAVACA";"437542";"4477673";"40.44737250847304";"-3.7365294545551797";"913 944 004 / 913 944 064";"";"pgweb@estad.ucm.es";"/contenido/entidadesYorganismos/Universidades/Facultades"
6303;"Universidad Complutense de Madrid. Facultad de Farmacia";"";"";"";"Metro: Ciudad Universitaria (línea 6).";"";"3";"http://www.madrid.es/sites/v/index.jsp?vgnextchannel=bfa48ab43d6bb410VgnVCM100000171f5a0aRCRD&vgnextoid=ee29578b9671c010VgnVCM1000000b205a0aRCRD";"RAMON Y CAJAL";"PLAZA";"V";"";"";"";"";"";"MADRID";"MADRID";"28040";"3";"CIUDAD UNIVERSITARIA";"9";"MONCLOA-ARAVACA";"438415";"4477348";"40.44451127873064";"-3.7262019812409104";"913 947 219 / 913 941 705";"";"salfarm@ucm.es";"/contenido/entidadesYorganismos/Universidades/Facultades"
6312;"Universidad Complutense de Madrid. Facultad de Filología";"";"";"";"Metro: Ciudad Universitaria (línea 6).";"";"3";"http://www.madrid.es/sites/v/index.jsp?vgnextchannel=bfa48ab43d6bb410VgnVCM100000171f5a0aRCRD&vgnextoid=7149578b9671c010VgnVCM1000000b205a0aRCRD";"MENENDEZ PELAYO";"PLAZA";"V";"";"";"";"";"";"MADRID";"MADRID";"28040";"3";"CIUDAD UNIVERSITARIA";"9";"MONCLOA-ARAVACA";"438054";"4477848";"40.4489838961669";"-3.730503351852514";"913 945 344 / 913 945 345 / 913 945 299";"";"alumnos-filologia@ucm.es / doctoradofilologia@ucm.es";"/contenido/entidadesYorganismos/Universidades/Facultades"
6310;"Universidad Complutense de Madrid. Facultad de Filosofía";"";"";"";"Metro: Ciudad Universitaria (Línea 6)  Bus: 132, 82, F, G, U";"Titulaciones:    Arqueología   Asignaturas para la Docencia en Centros Privados y Concertados - Filosofía   Ciencias de las Religiones   Ciencias Políticas - Filosofía Plan 2015. En extinción   Ciencias Políticas - Filosofía Plan 2023   Derecho - Filosofía Plan 2020   Derecho - Filosofía. (Plan a extinguir)   Doble Titulación Grado en Filosofía UCM y Licenciado en Filosofía (UNAM)   Filosofía   Historia   Historia del Arte   Musicología   Estudios de Máster.  Estudios de Doctorado.";"3";"http://www.madrid.es/sites/v/index.jsp?vgnextchannel=bfa48ab43d6bb410VgnVCM100000171f5a0aRCRD&vgnextoid=0459578b9671c010VgnVCM1000000b205a0aRCRD";"MENENDEZ PELAYO";"PLAZA";"V";"";"";"";"";"";"MADRID";"MADRID";"28040";"3";"CIUDAD UNIVERSITARIA";"9";"MONCLOA-ARAVACA";"438054";"4477848";"40.4489838961669";"-3.730503351852514";"913 945 982 / 913 946 049 / 913 946 058 / 913 946 057";"";"salfilos@ucm.es";"/contenido/entidadesYorganismos/Universidades/Facultades"
6309;"Universidad Complutense de Madrid. Facultad de Geografía e Historia";"";"";"";"Metro: Ciudad Universitaria (línea 6).";"";"3";"http://www.madrid.es/sites/v/index.jsp?vgnextchannel=bfa48ab43d6bb410VgnVCM100000171f5a0aRCRD&vgnextoid=9669578b9671c010VgnVCM1000000b205a0aRCRD";"PROFESOR ARANGUREN";"CALLE";"V";"";"";"";"";"";"MADRID";"MADRID";"28040";"3";"CIUDAD UNIVERSITARIA";"9";"MONCLOA-ARAVACA";"437893";"4477701";"40.447654037490636";"-3.732389406635356";"913 945 990 / 913 945 991 / 913 945 994";"";"secretariagh@ucm.es";"/contenido/entidadesYorganismos/Universidades/Facultades"
54821;"Universidad Complutense de Madrid. Facultad de Informática";"";"";"";"Metro: Ciudad Universitaria (línea 6).";"";"3";"http://www.madrid.es/sites/v/index.jsp?vgnextchannel=bfa48ab43d6bb410VgnVCM100000171f5a0aRCRD&vgnextoid=b5da6545f951c010VgnVCM2000000c205a0aRCRD";"PROFESOR JOSE GARCIA SANTESMASES";"CALLE";"V";"9";"";"";"";"";"MADRID";"MADRID";"28040";"3";"CIUDAD UNIVERSITARIA";"9";"MONCLOA-ARAVACA";"437776";"4478304";"40.453077067733574";"-3.733826683733914";"913 947 505 / 913 947 504 (incidencias matrícula)";"";"salfdi@ucm.es";"/contenido/entidadesYorganismos/Universidades/Facultades"
6304;"Universidad Complutense de Madrid. Facultad de Medicina";"";"";"";"Metro: Ciudad Universitaria (línea 6).";"";"3";"http://www.madrid.es/sites/v/index.jsp?vgnextchannel=bfa48ab43d6bb410VgnVCM100000171f5a0aRCRD&vgnextoid=2979578b9671c010VgnVCM1000000b205a0aRCRD";"RAMON Y CAJAL";"PLAZA";"V";"";"";"";"";"";"MADRID";"MADRID";"28040";"3";"CIUDAD UNIVERSITARIA";"9";"MONCLOA-ARAVACA";"438415";"4477348";"40.44451127873064";"-3.7262019812409104";"913 941 307";"";"decmed@ucm.es";"/contenido/entidadesYorganismos/Universidades/Facultades"
6315;"Universidad Complutense de Madrid. Facultad de Odontología";"";"";"";"Metro: Ciudad Universitaria (línea 6).";"";"3";"http://www.madrid.es/sites/v/index.jsp?vgnextchannel=bfa48ab43d6bb410VgnVCM100000171f5a0aRCRD&vgnextoid=bb89578b9671c010VgnVCM1000000b205a0aRCRD";"RAMON Y CAJAL";"PLAZA";"V";"";"";"";"";"";"MADRID";"MADRID";"28040";"3";"CIUDAD UNIVERSITARIA";"9";"MONCLOA-ARAVACA";"438415";"4477348";"40.44451127873064";"-3.7262019812409104";"913 941 920";"";"infodon@pas.ucm.es";"/contenido/entidadesYorganismos/Universidades/Facultades"
6364;"Universidad Complutense de Madrid. Facultad de Óptica y Optometría";"";"";"";"Metro: San Blas (línea 7), Avenida de Guadalajara (línea 2).";"";"3";"http://www.madrid.es/sites/v/index.jsp?vgnextchannel=bfa48ab43d6bb410VgnVCM100000171f5a0aRCRD&vgnextoid=9d38578b9671c010VgnVCM1000000b205a0aRCRD";"ARCOS DE JALON";"CALLE";"V";"118";"";"";"";"";"MADRID";"MADRID";"28037";"4";"ARCOS";"20";"SAN BLAS-CANILLEJAS";"447916";"4475219";"40.42597819309277";"-3.6140011950615656";"913 946 876";"";"infopt@ucm.es";"/contenido/entidadesYorganismos/Universidades/Facultades"
6314;"Universidad Complutense de Madrid. Facultad de Veterinaria";"";"";"";"Metro: Ciudad Universitaria (línea 6).";"";"3";"http://www.madrid.es/sites/v/index.jsp?vgnextchannel=bfa48ab43d6bb410VgnVCM100000171f5a0aRCRD&vgnextoid=d0b9578b9671c010VgnVCM1000000b205a0aRCRD";"PUERTA DE HIERRO";"AVENIDA";"V";"";"";"";"";"";"MADRID";"MADRID";"28040";"3";"CIUDAD UNIVERSITARIA";"9";"MONCLOA-ARAVACA";"437542";"4477673";"40.44737250847304";"-3.7365294545551797";"913 943 876 / 913 943 882";"";"gervet@ucm.es";"/contenido/entidadesYorganismos/Universidades/Facultades"
135620;"Universidad Complutense. Hospital Clínico Veterinario";"";"";"";"Metro: Ciudad Universitaria (línea 6).";"";"3";"http://www.madrid.es/sites/v/index.jsp?vgnextchannel=bfa48ab43d6bb410VgnVCM100000171f5a0aRCRD&vgnextoid=802a5f463b81c010VgnVCM1000000b205a0aRCRD";"PUERTA DE HIERRO";"AVENIDA";"V";"1";"";"";"";"";"MADRID";"MADRID";"28040";"3";"CIUDAD UNIVERSITARIA";"9";"MONCLOA-ARAVACA";"437542";"4477673";"40.44737250847304";"-3.7365294545551797";"";"";"hcvucm@ucm.es";"/contenido/entidadesYorganismos/ClinicasCentrosVeterinarios"
178101;"Universidad Nacional de Educación a Distancia (UNED). Centro Asociado Madrid - Escuelas Pías";"";"";"";"Metro: Lavapiés (línea 3).  Cercanías Renfe: Embajadores (línea C5).";"";"3";"http://www.madrid.es/sites/v/index.jsp?vgnextchannel=bfa48ab43d6bb410VgnVCM100000171f5a0aRCRD&vgnextoid=2fed224e0d61c010VgnVCM1000000b205a0aRCRD";"TRIBULETE";"CALLE";"V";"14";"";"";"";"";"MADRID";"MADRID";"28012";"2";"EMBAJADORES";"1";"CENTRO";"440385";"4473257";"40.4077959539866";"-3.7025893902054015";"914 675 871 / 914 675 522 (de L a V de 9 a 22 horas)";"";"info.escuelaspias@madrid.uned.es";"/contenido/entidadesYorganismos/Universidades/Facultades"
45202;"Universidad Nacional de Educación a Distancia (UNED). Centro Asociado Madrid - Gregorio Marañón";"";"";"";"Metro: Lavapiés (línea 3).  Cercanías Renfe: Embajadores (línea C5).";"";"3";"http://www.madrid.es/sites/v/index.jsp?vgnextchannel=bfa48ab43d6bb410VgnVCM100000171f5a0aRCRD&vgnextoid=67792c798651c010VgnVCM2000000c205a0aRCRD";"ARGUMOSA";"CALLE";"V";"3";"";"";"";"";"MADRID";"MADRID";"28012";"2";"EMBAJADORES";"1";"CENTRO";"440590";"4473327";"40.408447184626155";"-3.7001742404603184";"915 270 665 / 915 399 747- ( de L a V de 9 a 22 horas)";"";"info.gmaranon@madrid.uned.es";"/contenido/entidadesYorganismos/Universidades/Facultades"
53998;"Universidad Nacional de Educación a Distancia (UNED). Centro Asociado Madrid - Jacinto Verdaguer";"";"";"";"Metro: Aviación Española (línea 10).  Cercanías Renfe: Las Águilas (línea C5).";"";"3";"http://www.madrid.es/sites/v/index.jsp?vgnextchannel=bfa48ab43d6bb410VgnVCM100000171f5a0aRCRD&vgnextoid=f9892c798651c010VgnVCM2000000c205a0aRCRD";"FUENTE DE LIMA";"CALLE";"V";"22";"";"";"";"";"MADRID";"MADRID";"28024";"7";"LAS AGUILAS";"10";"LATINA";"433588";"4470537";"40.38278645640315";"-3.7824021083869606";"917 106 155 (De L a V de 9 a 22 horas)";"";"info.jverdaguer@madrid.uned.es";"/contenido/entidadesYorganismos/Universidades/Facultades"
6177184;"Universidad Nacional de Educación a Distancia (UNED). Centro Asociado Madrid - Las Tablas";"";"";"";"Metro: Las Tablas (línea 10), Palas de Rey (línea ML1).";"";"3";"http://www.madrid.es/sites/v/index.jsp?vgnextchannel=bfa48ab43d6bb410VgnVCM100000171f5a0aRCRD&vgnextoid=a8e4a30c0c582310VgnVCM1000000b205a0aRCRD";"SANTO DOMINGO DE LA CALZADA";"AVENIDA";"V";"9";"";"";"";"";"MADRID";"MADRID";"28050";"6";"VALVERDE";"8";"FUENCARRAL-EL PARDO";"443582";"4484002";"40.504821065488";"-3.6658596724706185";"913 074 730 / 913 074 733";"";"info.lastablas@madrid.uned.es";"/contenido/entidadesYorganismos/Universidades/Facultades"
7599405;"Universidad Nacional de Educación a Distancia (UNED). Centro Universitario de Idiomas a Distancia (CUID)";"";"";"";"Metro: Lavapiés (línea 3).  Cercanías Renfe: Embajadores (línea C5).";"";"3";"http://www.madrid.es/sites/v/index.jsp?vgnextchannel=bfa48ab43d6bb410VgnVCM100000171f5a0aRCRD&vgnextoid=67161ebc40c87410VgnVCM1000000b205a0aRCRD";"TRIBULETE";"CALLE";"V";"14";"segunda";"";"";"";"MADRID";"MADRID";"28012";"2";"EMBAJADORES";"1";"CENTRO";"440385";"4473257";"40.4077959539866";"-3.7025893902054015";"914 203 912";"";"info.cuid@madrid.uned.es";"/contenido/entidadesYorganismos/Universidades/Facultades"
